{
  "id": "{{YOUR_APPLICATION_ID_YOU_CAN_KEEP_IT_EMPTY}}",
  "instances": 1,
  "cpus": 2,
  "mem": 4096,
  "disk": 0,
  "gpus": 0,
  "constraints": [],
  "fetch": [
    {
      "uri": "/etc/docker.tar.gz",
      "extract": true,
      "executable": false,
      "cache": false
    }
  ],
  "storeUrls": [],
  "backoffSeconds": 1,
  "backoffFactor": 1.15,
  "maxLaunchDelaySeconds": 3600,
  "container": {
    "type": "DOCKER",
    "volumes": [
      {
        "containerPath": "/play-app",
        "hostPath": "/nfs/global/devl/xg/bdf/devops/play-app",
        "mode": "RW"
      },
      {
        "containerPath": "/play-db",
        "hostPath": "/nfs/global/devl/xg/bdf/devops/play-db",
        "mode": "RW"
      }
    ],
    "docker": {
      "image": "{{YOUR_DOCKER_IMAGE_YOU_CAN_KEEP_IT_EMPTY}}",
      "network": "BRIDGE",
      "portMappings": [
        {
          "containerPort": 9000,
          "hostPort": 0,
          "servicePort": 10134,
          "protocol": "tcp",
          "name": "default"
        }
      ],
      "privileged": false,
      "parameters": [],
      "forcePullImage": true
    }
  },
  "healthChecks": [],
  "readinessChecks": [],
  "dependencies": [],
  "upgradeStrategy": {
    "minimumHealthCapacity": 1,
    "maximumOverCapacity": 1
  },
  "secrets": {
    "secret0": {
      "source": "global/devl/xg/bdf/devops/username"
    },
    "secret1": {
      "source": "global/devl/xg/bdf/devops/password"
    }
  },
  "unreachableStrategy": {
    "inactiveAfterSeconds": 300,
    "expungeAfterSeconds": 600
  },
  "killSelection": "YOUNGEST_FIRST",
  "requirePorts": false,
  "labels": {
    "HAPROXY_0_REDIRECT_TO_HTTPS": "true",
    "HAPROXY_GROUP": "devl",
    "EMAIL_ADDRESS": "rachit.mehrotra@in.imshealth.com",
    "MM_CHANNEL_TOKEN": "97zq5b5usfb68xa433r7iadffw",
    "MM_CHANNEL": "sample_deploy",
    "HAPROXY_1_VHOST": "play1-devl.rxcorp.com",
    "HAPROXY_0_VHOST": "play-devl.rxcorp.com"
  },
  "env": {
    "Jdbcusername": {
      "secret": "secret0"
    },
    "Jdbcpassword": {
      "secret": "secret1"
    }
  }
}

